{
  "data": [
    {
      "id": 4,
      "documentId": "ewz9e1gim0u5tlpk87k1eljt",
      "description": [
        {
          "type": "paragraph",
          "children": [
            {
              "type": "text",
              "text": "IIT Dharwad is one of the new IITs established by the Government of India in 2016. Located in the state of Karnataka, our institute is committed to excellence in teaching, research, and innovation while contributing to the technological advancement of the nation."
            }
          ]
        },
        {
          "type": "paragraph",
          "children": [
            {
              "type": "text",
              "text": ""
            }
          ]
        },
        {
          "type": "paragraph",
          "children": [
            {
              "type": "text",
              "text": "Campus",
              "bold": true
            }
          ]
        },
        {
          "type": "paragraph",
          "children": [
            {
              "type": "text",
              "text": "Our sprawling campus is situated on 470 acres of land in Dharwad, Karnataka. The campus features modern academic buildings, residential facilities, and recreational spaces, creating an ideal environment for academic and personal growth."
            }
          ]
        },
        {
          "type": "paragraph",
          "children": [
            {
              "type": "text",
              "text": ""
            }
          ]
        },
        {
          "type": "paragraph",
          "children": [
            {
              "type": "text",
              "text": "Location",
              "bold": true
            }
          ]
        },
        {
          "type": "paragraph",
          "children": [
            {
              "type": "text",
              "text": "Dharwad is a culturally rich city with a pleasant climate year-round. It is well connected to major cities like Bangalore, Mumbai, and Pune. The region is known for its contributions to literature, music, and education."
            }
          ]
        },
        {
          "type": "paragraph",
          "children": [
            {
              "type": "text",
              "text": ""
            }
          ]
        },
        {
          "type": "paragraph",
          "children": [
            {
              "type": "text",
              "text": "Institute Vision",
              "bold": true
            }
          ]
        },
        {
          "type": "paragraph",
          "children": [
            {
              "type": "text",
              "text": "IIT Dharwad aims to be a globally recognized institution for excellence in technical education and research, contributing to the development of technology and science for the betterment of society."
            }
          ]
        }
      ],
      "Title": "About IIT Dharwad",
      "createdAt": "2025-05-21T16:42:51.389Z",
      "updatedAt": "2025-05-21T16:42:51.389Z",
      "publishedAt": "2025-05-21T16:42:51.397Z"
    },
    {
      "id": 6,
      "documentId": "qvflmct66qnycxd8snlp6t4l",
      "description": [
        {
          "type": "paragraph",
          "children": [
            {
              "type": "text",
              "text": "IIT Dharwad offers competitive compensation packages to faculty members in line with other IITs and government norms. Our comprehensive benefits package is designed to support both professional development and personal wellbeing."
            }
          ]
        },
        {
          "type": "paragraph",
          "children": [
            {
              "type": "text",
              "text": ""
            }
          ]
        },
        {
          "type": "paragraph",
          "children": [
            {
              "type": "text",
              "text": "Salary Structure",
              "bold": true
            }
          ]
        },
        {
          "type": "paragraph",
          "children": [
            {
              "type": "text",
              "text": "Position\tPay Level\tStarting Salary Range"
            }
          ]
        },
        {
          "type": "paragraph",
          "children": [
            {
              "type": "text",
              "text": "Assistant Professor\tLevel 12\t₹1,01,500 - ₹1,67,400"
            }
          ]
        },
        {
          "type": "paragraph",
          "children": [
            {
              "type": "text",
              "text": "Associate Professor\tLevel 13A2\t₹1,39,600 - ₹2,11,300"
            }
          ]
        },
        {
          "type": "paragraph",
          "children": [
            {
              "type": "text",
              "text": "Professor\tLevel 14A\t₹1,59,100 - ₹2,20,200"
            }
          ]
        },
        {
          "type": "paragraph",
          "children": [
            {
              "type": "text",
              "text": "* Salary includes basic pay plus allowances as per Government of India norms."
            }
          ]
        },
        {
          "type": "paragraph",
          "children": [
            {
              "type": "text",
              "text": ""
            }
          ]
        },
        {
          "type": "paragraph",
          "children": [
            {
              "type": "text",
              "text": "Benefits and Allowances",
              "bold": true
            }
          ]
        },
        {
          "type": "list",
          "format": "unordered",
          "children": [
            {
              "type": "list-item",
              "children": [
                {
                  "type": "text",
                  "text": "Dearness Allowance (DA) as per government rates"
                }
              ]
            },
            {
              "type": "list-item",
              "children": [
                {
                  "type": "text",
                  "text": "House Rent Allowance (HRA) or campus housing"
                }
              ]
            },
            {
              "type": "list-item",
              "children": [
                {
                  "type": "text",
                  "text": "Transport Allowance"
                }
              ]
            },
            {
              "type": "list-item",
              "children": [
                {
                  "type": "text",
                  "text": "Professional Development Allowance (₹3 lakhs for 3 years)"
                }
              ]
            },
            {
              "type": "list-item",
              "children": [
                {
                  "type": "text",
                  "text": "Relocation allowance for joining"
                }
              ]
            },
            {
              "type": "list-item",
              "children": [
                {
                  "type": "text",
                  "text": "Medical benefits for faculty and dependents"
                }
              ]
            },
            {
              "type": "list-item",
              "children": [
                {
                  "type": "text",
                  "text": "Leave Travel Concession (LTC)"
                }
              ]
            },
            {
              "type": "list-item",
              "children": [
                {
                  "type": "text",
                  "text": "Children's Education Allowance"
                }
              ]
            }
          ]
        },
        {
          "type": "paragraph",
          "children": [
            {
              "type": "text",
              "text": ""
            }
          ]
        },
        {
          "type": "paragraph",
          "children": [
            {
              "type": "text",
              "text": "Additional Benefits",
              "bold": true
            }
          ]
        },
        {
          "type": "paragraph",
          "children": [
            {
              "type": "text",
              "text": "Retirement Benefits"
            }
          ]
        },
        {
          "type": "list",
          "format": "unordered",
          "children": [
            {
              "type": "list-item",
              "children": [
                {
                  "type": "text",
                  "text": "National Pension System (NPS)"
                }
              ]
            },
            {
              "type": "list-item",
              "children": [
                {
                  "type": "text",
                  "text": "Gratuity as per norms"
                }
              ]
            }
          ]
        },
        {
          "type": "paragraph",
          "children": [
            {
              "type": "text",
              "text": "Campus Facilities"
            }
          ]
        },
        {
          "type": "list",
          "format": "unordered",
          "children": [
            {
              "type": "list-item",
              "children": [
                {
                  "type": "text",
                  "text": "Faculty club and recreational facilities"
                }
              ]
            },
            {
              "type": "list-item",
              "children": [
                {
                  "type": "text",
                  "text": "On-campus school for children"
                }
              ]
            }
          ]
        },
        {
          "type": "paragraph",
          "children": [
            {
              "type": "text",
              "text": "Leave Benefits"
            }
          ]
        },
        {
          "type": "list",
          "format": "unordered",
          "children": [
            {
              "type": "list-item",
              "children": [
                {
                  "type": "text",
                  "text": "Earned Leave, Half Pay Leave"
                }
              ]
            },
            {
              "type": "list-item",
              "children": [
                {
                  "type": "text",
                  "text": "Sabbatical leave for research"
                }
              ]
            }
          ]
        },
        {
          "type": "paragraph",
          "children": [
            {
              "type": "text",
              "text": "Support for Research"
            }
          ]
        },
        {
          "type": "list",
          "format": "unordered",
          "children": [
            {
              "type": "list-item",
              "children": [
                {
                  "type": "text",
                  "text": "Startup research grant"
                }
              ]
            },
            {
              "type": "list-item",
              "children": [
                {
                  "type": "text",
                  "text": "Support for patent filing"
                }
              ]
            }
          ]
        }
      ],
      "Title": "Salary and Benefits",
      "createdAt": "2025-05-21T16:45:31.272Z",
      "updatedAt": "2025-05-21T16:45:31.272Z",
      "publishedAt": "2025-05-21T16:45:31.280Z"
    },
    {
      "id": 9,
      "documentId": "jd704kbnioiwznd5cdpq1v0w",
      "description": [
        {
          "type": "paragraph",
          "children": [
            {
              "type": "text",
              "text": "The Department of Computer Science and Engineering at IIT Dharwad was established in 2016 and has quickly grown into a center for excellence in computer science education and research in India. Our department offers undergraduate, postgraduate, and doctoral programs in Computer Science and Engineering."
            }
          ]
        },
        {
          "type": "paragraph",
          "children": [
            {
              "type": "text",
              "text": ""
            }
          ]
        },
        {
          "type": "paragraph",
          "children": [
            {
              "type": "text",
              "text": "We have a dynamic team of faculty members specializing in various domains of computer science including Artificial Intelligence, Machine Learning, Computer Vision, Theoretical Computer Science, Systems and Networking, Security and Privacy, and Human-Computer Interaction."
            }
          ]
        },
        {
          "type": "paragraph",
          "children": [
            {
              "type": "text",
              "text": ""
            }
          ]
        },
        {
          "type": "paragraph",
          "children": [
            {
              "type": "text",
              "text": ""
            }
          ]
        }
      ],
      "Title": "About the Department",
      "createdAt": "2025-05-21T16:42:08.438Z",
      "updatedAt": "2025-05-21T17:04:48.041Z",
      "publishedAt": "2025-05-21T17:04:48.052Z"
    },
    {
      "id": 11,
      "documentId": "ckq01lyblujgsjv5cacgdeny",
      "description": [
        {
          "type": "paragraph",
          "children": [
            {
              "type": "text",
              "text": ""
            }
          ]
        },
        {
          "type": "list",
          "format": "unordered",
          "children": [
            {
              "type": "list-item",
              "children": [
                {
                  "type": "text",
                  "text": "Vibrant research environment with regular seminars and workshops"
                }
              ]
            },
            {
              "type": "list-item",
              "children": [
                {
                  "type": "text",
                  "text": "Collaborative projects with industry and academic partners"
                }
              ]
            },
            {
              "type": "list-item",
              "children": [
                {
                  "type": "text",
                  "text": "Well-equipped computing facilities and laboratories"
                }
              ]
            },
            {
              "type": "list-item",
              "children": [
                {
                  "type": "text",
                  "text": "Growing undergraduate and graduate programs"
                }
              ]
            },
            {
              "type": "list-item",
              "children": [
                {
                  "type": "text",
                  "text": "Opportunities for interdisciplinary research"
                }
              ]
            }
          ]
        }
      ],
      "Title": "Key Department Highlights",
      "createdAt": "2025-05-21T17:05:23.881Z",
      "updatedAt": "2025-05-21T17:05:23.881Z",
      "publishedAt": "2025-05-21T17:05:23.890Z"
    },
    {
      "id": 12,
      "documentId": "t4xilmc9uw3dg7suhan8o81y",
      "description": [
        {
          "type": "paragraph",
          "children": [
            {
              "type": "text",
              "text": "Interested candidates are invited to apply for faculty positions through our online portal. Applications are accepted throughout the year, with reviews conducted periodically."
            }
          ]
        },
        {
          "type": "paragraph",
          "children": [
            {
              "type": "text",
              "text": ""
            }
          ]
        },
        {
          "type": "paragraph",
          "children": [
            {
              "type": "text",
              "text": "Application Process",
              "bold": true
            }
          ]
        },
        {
          "type": "list",
          "format": "ordered",
          "children": [
            {
              "type": "list-item",
              "children": [
                {
                  "type": "text",
                  "text": "Register on the IIT Dharwad faculty recruitment portal."
                }
              ]
            },
            {
              "type": "list-item",
              "children": [
                {
                  "type": "text",
                  "text": "Fill out the online application form with personal, educational, and professional details."
                }
              ]
            },
            {
              "type": "list-item",
              "children": [
                {
                  "type": "text",
                  "text": "Upload the following documents."
                }
              ]
            }
          ]
        },
        {
          "type": "list",
          "format": "unordered",
          "children": [
            {
              "type": "list-item",
              "children": [
                {
                  "type": "text",
                  "text": " Detailed CV with list of publications"
                }
              ]
            },
            {
              "type": "list-item",
              "children": [
                {
                  "type": "text",
                  "text": "Research statement (2-3 pages)"
                }
              ]
            },
            {
              "type": "list-item",
              "children": [
                {
                  "type": "text",
                  "text": "Teaching statement (1-2 pages)"
                }
              ]
            },
            {
              "type": "list-item",
              "children": [
                {
                  "type": "text",
                  "text": "Copies of three best publications"
                }
              ]
            },
            {
              "type": "list-item",
              "children": [
                {
                  "type": "text",
                  "text": "Educational certificates and transcripts"
                }
              ]
            },
            {
              "type": "list-item",
              "children": [
                {
                  "type": "text",
                  "text": "Contact information of three referees"
                }
              ]
            }
          ]
        },
        {
          "type": "paragraph",
          "children": [
            {
              "type": "text",
              "text": "4.Submit the completed application."
            }
          ]
        },
        {
          "type": "paragraph",
          "children": [
            {
              "type": "text",
              "text": "5.Shortlisted candidates will be invited for a seminar presentation and interview."
            }
          ]
        },
        {
          "type": "paragraph",
          "children": [
            {
              "type": "text",
              "text": ""
            }
          ]
        },
        {
          "type": "paragraph",
          "children": [
            {
              "type": "text",
              "text": "Important Information",
              "bold": true
            }
          ]
        },
        {
          "type": "list",
          "format": "unordered",
          "children": [
            {
              "type": "list-item",
              "children": [
                {
                  "type": "text",
                  "text": "Candidates are encouraged to review the department's research areas before applying."
                }
              ]
            },
            {
              "type": "list-item",
              "children": [
                {
                  "type": "text",
                  "text": "For any queries related to the application process, please contact "
                },
                {
                  "type": "link",
                  "url": "mailto:faculty.recruitment@iitdh.ac.in",
                  "children": [
                    {
                      "type": "text",
                      "text": "faculty.recruitment@iitdh.ac.in"
                    }
                  ]
                },
                {
                  "text": "",
                  "type": "text"
                }
              ]
            },
            {
              "type": "list-item",
              "children": [
                {
                  "type": "text",
                  "text": "The institute reserves the right to shortlist candidates based on the needs of the departments/institute."
                }
              ]
            }
          ]
        }
      ],
      "Title": "How to Apply",
      "createdAt": "2025-05-21T17:00:05.375Z",
      "updatedAt": "2025-05-21T17:06:36.489Z",
      "publishedAt": "2025-05-21T17:06:36.500Z"
    },
    {
      "id": 14,
      "documentId": "c1wcbqkx5p42fg50g0eabwsq",
      "description": [
        {
          "type": "paragraph",
          "children": [
            {
              "type": "text",
              "text": "",
              "bold": true
            }
          ]
        },
        {
          "type": "list",
          "format": "ordered",
          "children": [
            {
              "type": "list-item",
              "children": [
                {
                  "type": "text",
                  "text": "Screening of applications based on academic credentials, research contributions, and alignment with department needs."
                }
              ]
            },
            {
              "type": "list-item",
              "children": [
                {
                  "type": "text",
                  "text": "Seminar presentation by shortlisted candidates to showcase research work and future plans."
                }
              ]
            },
            {
              "type": "list-item",
              "children": [
                {
                  "type": "text",
                  "text": "Technical interview with faculty selection committee."
                }
              ]
            },
            {
              "type": "list-item",
              "children": [
                {
                  "type": "text",
                  "text": "Final selection based on overall performance, research potential, and teaching abilities."
                }
              ]
            }
          ]
        }
      ],
      "Title": "Selection Process",
      "createdAt": "2025-05-21T17:06:58.901Z",
      "updatedAt": "2025-05-21T17:06:58.901Z",
      "publishedAt": "2025-05-21T17:06:58.909Z"
    }
  ],
  "meta": {
    "pagination": {
      "page": 1,
      "pageSize": 25,
      "pageCount": 1,
      "total": 6
    }
  }
}